TIMESTAMP,SYMBOL
28-06-2017,SBIN
28-06-2017,20MICRONS
28-06-2017,3IINFOTECH
28-06-2017,3MINDIA
28-06-2017,63MOONS
28-06-2017,8KMILES
28-06-2017,A2ZINFRA
28-06-2017,AARTIDRUGS
28-06-2017,AARTIIND
28-06-2017,AARVEEDEN
28-06-2017,ABAN
28-06-2017,ABB
28-06-2017,ABBOTINDIA
28-06-2017,ABFRL
28-06-2017,ABGSHIP
28-06-2017,ABIRLANUVO
28-06-2017,ABMINTLTD
28-06-2017,ACC
28-06-2017,ACCELYA
28-06-2017,ACE
28-06-2017,ADANIENT
28-06-2017,ADANIPORTS
28-06-2017,ADANIPOWER
28-06-2017,ADANITRANS
28-06-2017,ADFFOODS
28-06-2017,ADHUNIK
28-06-2017,ADHUNIKIND
28-06-2017,ADLABS
28-06-2017,ADORWELD
28-06-2017,ADSL
28-06-2017,ADVANIHOTR
28-06-2017,ADVENZYMES
28-06-2017,AEGISCHEM
28-06-2017,AFL
28-06-2017,AGARIND
28-06-2017,AGCNET
28-06-2017,AGRITECH
28-06-2017,AGROPHOS
28-06-2017,AHLEAST
28-06-2017,AHLUCONT
28-06-2017,AHLWEST
28-06-2017,AIAENG
28-06-2017,AIFL
28-06-2017,AIRAN
28-06-2017,AJANTPHARM
28-06-2017,AJMERA
28-06-2017,AKASH
28-06-2017,AKSHARCHEM
28-06-2017,AKSHOPTFBR
28-06-2017,AKZOINDIA
28-06-2017,ALANKIT
28-06-2017,ALBERTDAVD
28-06-2017,ALBK
28-06-2017,ALCHEM
28-06-2017,ALEMBICLTD
28-06-2017,ALICON
28-06-2017,ALKALI
28-06-2017,ALKEM
28-06-2017,ALKYLAMINE
28-06-2017,ALLCARGO
28-06-2017,ALLSEC
28-06-2017,ALMONDZ
28-06-2017,ALOKTEXT
28-06-2017,ALPA
28-06-2017,ALPHAGEO
28-06-2017,ALPSINDUS
28-06-2017,AMARAJABAT
28-06-2017,AMBIKCO
28-06-2017,AMBUJACEM
28-06-2017,AMDIND
28-06-2017,AMRUTANJAN
28-06-2017,AMTEKAUTO
28-06-2017,ANANTRAJ
28-06-2017,ANDHRABANK
28-06-2017,ANDHRACEMT
28-06-2017,ANDHRSUGAR
28-06-2017,ANGIND
28-06-2017,ANIKINDS
28-06-2017,ANKITMETAL
28-06-2017,ANSALAPI
28-06-2017,ANSALHSG
28-06-2017,ANTGRAPHIC
28-06-2017,APARINDS
28-06-2017,APCL
28-06-2017,APCOTEXIND
28-06-2017,APLAPOLLO
28-06-2017,APLLTD
28-06-2017,APOLLOHOSP
28-06-2017,APOLLOTYRE
28-06-2017,APOLSINHOT
28-06-2017,APTECHT
28-06-2017,ARCHIDPLY
28-06-2017,ARCHIES
28-06-2017,ARCOTECH
28-06-2017,ARIES
28-06-2017,ARIHANTSUP
28-06-2017,ARMANFIN
28-06-2017,AROGRANITE
28-06-2017,ARROWGREEN
28-06-2017,ARROWTEX
28-06-2017,ARSHIYA
28-06-2017,ARSSINFRA
28-06-2017,ARVIND
28-06-2017,ARVSMART
28-06-2017,ASAHIINDIA
28-06-2017,ASAHISONG
28-06-2017,ASAL
28-06-2017,ASHAPURMIN
28-06-2017,ASHIANA
28-06-2017,ASHIMASYN
28-06-2017,ASHOKA
28-06-2017,ASHOKLEY
28-06-2017,ASIANHOTNR
28-06-2017,ASIANPAINT
28-06-2017,ASIANTILES
28-06-2017,ASIL
28-06-2017,ASPINWALL
28-06-2017,ASSAMCO
28-06-2017,ASTEC
28-06-2017,ASTRAL
28-06-2017,ASTRAMICRO
28-06-2017,ASTRAZEN
28-06-2017,ATFL
28-06-2017,ATLANTA
28-06-2017,ATLASCYCLE
28-06-2017,ATUL
28-06-2017,ATULAUTO
28-06-2017,AURIONPRO
28-06-2017,AUROPHARMA
28-06-2017,AUSOMENT
28-06-2017,AUSTRAL
28-06-2017,AUTOAXLES
28-06-2017,AUTOIND
28-06-2017,AUTOLITIND
28-06-2017,AVANTIFEED
28-06-2017,AVTNPL
28-06-2017,AXISBANK
28-06-2017,AXISCADES
28-06-2017,AXISGOLD
28-06-2017,AYMSYNTEX
28-06-2017,BAFNAPHARM
28-06-2017,BAGFILMS
28-06-2017,BAJAJ-AUTO
28-06-2017,BAJAJCORP
28-06-2017,BAJAJELEC
28-06-2017,BAJAJFINSV
28-06-2017,BAJAJHIND
28-06-2017,BAJAJHLDNG
28-06-2017,BAJFINANCE
28-06-2017,BALAJITELE
28-06-2017,BALAMINES
28-06-2017,BALKRISHNA
28-06-2017,BALKRISIND
28-06-2017,BALLARPUR
28-06-2017,BALMLAWRIE
28-06-2017,BALPHARMA
28-06-2017,BALRAMCHIN
28-06-2017,BANARBEADS
28-06-2017,BANARISUG
28-06-2017,BANCOINDIA
28-06-2017,BANG
28-06-2017,BANKBARODA
28-06-2017,BANKBEES
28-06-2017,BANKINDIA
28-06-2017,BANSWRAS
28-06-2017,BARTRONICS
28-06-2017,BASF
28-06-2017,BASML
28-06-2017,BATAINDIA
28-06-2017,BAYERCROP
28-06-2017,BBL
28-06-2017,BBTC
28-06-2017,BEARDSELL
28-06-2017,BEDMUTHA
28-06-2017,BEL
28-06-2017,BEML
28-06-2017,BEPL
28-06-2017,BERGEPAINT
28-06-2017,BFINVEST
28-06-2017,BFUTILITIE
28-06-2017,BGLOBAL
28-06-2017,BGRENERGY
28-06-2017,BHAGERIA
28-06-2017,BHAGYANGR
28-06-2017,BHANDARI
28-06-2017,BHARATFIN
28-06-2017,BHARATFORG
28-06-2017,BHARATGEAR
28-06-2017,BHARATIDIL
28-06-2017,BHARATRAS
28-06-2017,BHARATWIRE
28-06-2017,BHARTIARTL
28-06-2017,BHEL
28-06-2017,BHUSANSTL
28-06-2017,BIGBLOC
28-06-2017,BIL
28-06-2017,BILENERGY
28-06-2017,BILPOWER
28-06-2017,BINANIIND
28-06-2017,BINDALAGRO
28-06-2017,BIOCON
28-06-2017,BIRLACABLE
28-06-2017,BIRLACORPN
28-06-2017,BIRLAMONEY
28-06-2017,BLBLIMITED
28-06-2017,BLISSGVS
28-06-2017,BLKASHYAP
28-06-2017,BLS
28-06-2017,BLUEBLENDS
28-06-2017,BLUEDART
28-06-2017,BLUEDART
28-06-2017,BLUESTARCO
28-06-2017,BODALCHEM
28-06-2017,BOHRA
28-06-2017,BOMDYEING
28-06-2017,BOSCHLTD
28-06-2017,BPCL
28-06-2017,BPL
28-06-2017,BRFL
28-06-2017,BRIGADE
28-06-2017,BRITANNIA
28-06-2017,BROOKS
28-06-2017,BSE
28-06-2017,BSELINFRA
28-06-2017,BSL
28-06-2017,BSLGOLDETF
28-06-2017,BSLIMITED
28-06-2017,BSLNIFTY
28-06-2017,BURNPUR
28-06-2017,BUTTERFLY
28-06-2017,BVCL
28-06-2017,BYKE
28-06-2017,CADILAHC
28-06-2017,CAMLINFINE
28-06-2017,CANBK
28-06-2017,CANDC
28-06-2017,CANFINHOME
28-06-2017,CANTABIL
28-06-2017,CAPF
28-06-2017,CAPLIPOINT
28-06-2017,CAPTRUST
28-06-2017,CARBORUNIV
28-06-2017,CAREERP
28-06-2017,CARERATING
28-06-2017,CASTEXTECH
28-06-2017,CASTROLIND
28-06-2017,CCCL
28-06-2017,CCHHL
28-06-2017,CCL
28-06-2017,CEATLTD
28-06-2017,CEBBCO
28-06-2017,CELEBRITY
28-06-2017,CELESTIAL
28-06-2017,CENTENKA
28-06-2017,CENTEXT
28-06-2017,CENTRALBK
28-06-2017,CENTUM
28-06-2017,CENTURYPLY
28-06-2017,CENTURYTEX
28-06-2017,CERA
28-06-2017,CEREBRAINT
28-06-2017,CESC
28-06-2017,CGCL
28-06-2017,CGPOWER
28-06-2017,CHAMBLFERT
28-06-2017,CHENNPETRO
28-06-2017,CHOLAFIN
28-06-2017,CHROMATIC
28-06-2017,CIGNITITEC
28-06-2017,CIMMCO
28-06-2017,CINELINE
28-06-2017,CINEVISTA
28-06-2017,CIPLA
28-06-2017,CLEDUCATE
28-06-2017,CLNINDIA
28-06-2017,CMICABLES
28-06-2017,CNOVAPETRO
28-06-2017,COALINDIA
28-06-2017,COFFEEDAY
28-06-2017,COLPAL
28-06-2017,COMPINFO
28-06-2017,COMPUSOFT
28-06-2017,CONCOR
28-06-2017,CONSOFINVT
28-06-2017,CONTROLPR
28-06-2017,CORALFINAC
28-06-2017,CORDSCABLE
28-06-2017,COROMANDEL
28-06-2017,CORPBANK
28-06-2017,COSMOFILMS
28-06-2017,COUNCODOS
28-06-2017,COX&KINGS
28-06-2017,CPSEETF
28-06-2017,CREATIVE
28-06-2017,CREATIVEYE
28-06-2017,CREST
28-06-2017,CRISIL
28-06-2017,CROMPTON
28-06-2017,CROWN
28-06-2017,CTE
28-06-2017,CUB
28-06-2017,CUBEXTUB
28-06-2017,CUMMINSIND
28-06-2017,CUPID
28-06-2017,CYBERTECH
28-06-2017,CYIENT
28-06-2017,DAAWAT
28-06-2017,DABUR
28-06-2017,DALMIABHA
28-06-2017,DALMIASUG
28-06-2017,DAMODARIND
28-06-2017,DATAMATICS
28-06-2017,DBCORP
28-06-2017,DBL
28-06-2017,DBREALTY
28-06-2017,DBSTOCKBRO
28-06-2017,DCBBANK
28-06-2017,DCM
28-06-2017,DCMSHRIRAM
28-06-2017,DCW
28-06-2017,DECCANCE
28-06-2017,DEEPAKFERT
28-06-2017,DEEPAKNTR
28-06-2017,DEEPIND
28-06-2017,DELTACORP
28-06-2017,DELTAMAGNT
28-06-2017,DEN
28-06-2017,DENABANK
28-06-2017,DENORA
28-06-2017,DEVIT
28-06-2017,DFMFOODS
28-06-2017,DHAMPURSUG
28-06-2017,DHANBANK
28-06-2017,DHANUKA
28-06-2017,DHARSUGAR
28-06-2017,DHFL
28-06-2017,DHFL
28-06-2017,DHFL
28-06-2017,DHFL
28-06-2017,DHFL
28-06-2017,DHFL
28-06-2017,DHFL
28-06-2017,DHUNINV
28-06-2017,DIAPOWER
28-06-2017,DICIND
28-06-2017,DIGJAMLTD
28-06-2017,DISHTV
28-06-2017,DIVISLAB
28-06-2017,DLF
28-06-2017,DLINKINDIA
28-06-2017,DMART
28-06-2017,DOLLAR
28-06-2017,DOLPHINOFF
28-06-2017,DONEAR
28-06-2017,DPL
28-06-2017,DPSCLTD
28-06-2017,DQE
28-06-2017,DREDGECORP
28-06-2017,DRL
28-06-2017,DRREDDY
28-06-2017,DSKULKARNI
28-06-2017,DSSL
28-06-2017,DTIL
28-06-2017,DUCON
28-06-2017,DWARKESH
28-06-2017,DYNAMATECH
28-06-2017,EASTSILK
28-06-2017,EASUNREYRL
28-06-2017,ECEIND
28-06-2017,ECLERX
28-06-2017,ECLFINANCE
28-06-2017,EDELWEISS
28-06-2017,EDL
28-06-2017,EDUCOMP
28-06-2017,EHFLNCD
28-06-2017,EHFLNCD
28-06-2017,EHFLNCD
28-06-2017,EICHERMOT
28-06-2017,EIDPARRY
28-06-2017,EIFFL
28-06-2017,EIHAHOTELS
28-06-2017,EIHOTEL
28-06-2017,EIMCOELECO
28-06-2017,EKC
28-06-2017,ELAND
28-06-2017,ELECON
28-06-2017,ELECTCAST
28-06-2017,ELECTHERM
28-06-2017,ELGIEQUIP
28-06-2017,ELGIRUBCO
28-06-2017,EMAMIINFRA
28-06-2017,EMAMILTD
28-06-2017,EMCO
28-06-2017,EMKAY
28-06-2017,EMMBI
28-06-2017,ENDURANCE
28-06-2017,ENERGYDEV
28-06-2017,ENGINERSIN
28-06-2017,ENIL
28-06-2017,EON
28-06-2017,EQUITAS
28-06-2017,EROSMEDIA
28-06-2017,ESABINDIA
28-06-2017,ESCORTS
28-06-2017,ESL
28-06-2017,ESSARSHPNG
28-06-2017,ESSDEE
28-06-2017,ESSELPACK
28-06-2017,ESTER
28-06-2017,EUROCERA
28-06-2017,EUROMULTI
28-06-2017,EUROTEXIND
28-06-2017,EVEREADY
28-06-2017,EVERESTIND
28-06-2017,EXCEL
28-06-2017,EXCELCROP
28-06-2017,EXCELINDUS
28-06-2017,EXIDEIND
28-06-2017,FACT
28-06-2017,FAGBEARING
28-06-2017,FAIRCHEM
28-06-2017,FCL
28-06-2017,FCONSUMER
28-06-2017,FCSSOFT
28-06-2017,FDC
28-06-2017,FEDDERELEC
28-06-2017,FEDERALBNK
28-06-2017,FEL
28-06-2017,FELDVR
28-06-2017,FIEMIND
28-06-2017,FILATEX
28-06-2017,FINCABLES
28-06-2017,FINPIPE
28-06-2017,FLEXITUFF
28-06-2017,FLFL
28-06-2017,FMGOETZE
28-06-2017,FMNL
28-06-2017,FORTIS
28-06-2017,FORTIS
28-06-2017,FOSECOIND
28-06-2017,FOURTHDIM
28-06-2017,FRETAIL
28-06-2017,FSL
28-06-2017,GABRIEL
28-06-2017,GAEL
28-06-2017,GAIL
28-06-2017,GAL
28-06-2017,GALLANTT
28-06-2017,GALLISPAT
28-06-2017,GAMMNINFRA
28-06-2017,GAMMONIND
28-06-2017,GANDHITUBE
28-06-2017,GANECOS
28-06-2017,GANESHHOUC
28-06-2017,GARDENSILK
28-06-2017,GARWALLROP
28-06-2017,GATI
28-06-2017,GAYAPROJ
28-06-2017,GDL
28-06-2017,GEECEE
28-06-2017,GEMINI
28-06-2017,GENESYS
28-06-2017,GENUSPAPER
28-06-2017,GENUSPOWER
28-06-2017,GEOJITFSL
28-06-2017,GEPIL
28-06-2017,GESHIP
28-06-2017,GET&D
28-06-2017,GHCL
28-06-2017,GICHSGFIN
28-06-2017,GILLANDERS
28-06-2017,GILLETTE
28-06-2017,GINNIFILA
28-06-2017,GIPCL
28-06-2017,GITANJALI
28-06-2017,GKWLIMITED
28-06-2017,GLAXO
28-06-2017,GLENMARK
28-06-2017,GLOBALVECT
28-06-2017,GLOBE
28-06-2017,GLOBOFFS
28-06-2017,GLOBUSSPR
28-06-2017,GMBREW
28-06-2017,GMDCLTD
28-06-2017,GMRINFRA
28-06-2017,GNA
28-06-2017,GNFC
28-06-2017,GOACARBON
28-06-2017,GOCLCORP
28-06-2017,GODFRYPHLP
28-06-2017,GODREJCP
28-06-2017,GODREJIND
28-06-2017,GODREJPROP
28-06-2017,GOENKA
28-06-2017,GOKEX
28-06-2017,GOKUL
28-06-2017,GOKULAGRO
28-06-2017,GOLDBEES
28-06-2017,GOLDENTOBC
28-06-2017,GOLDIAM
28-06-2017,GOLDINFRA
28-06-2017,GOLDIWIN
28-06-2017,GOLDSHARE
28-06-2017,GOLDTECH
28-06-2017,GOODLUCK
28-06-2017,GPIL
28-06-2017,GPPL
28-06-2017,GPTINFRA
28-06-2017,GRANULES
28-06-2017,GRAPHITE
28-06-2017,GRASIM
28-06-2017,GRAVITA
28-06-2017,GREAVESCOT
28-06-2017,GREENLAM
28-06-2017,GREENPLY
28-06-2017,GREENPOWER
28-06-2017,GRINDWELL
28-06-2017,GROBTEA
28-06-2017,GRPLTD
28-06-2017,GRUH
28-06-2017,GSCLCEMENT
28-06-2017,GSFC
28-06-2017,GSKCONS
28-06-2017,GSPL
28-06-2017,GSS
28-06-2017,GTL
28-06-2017,GTLINFRA
28-06-2017,GTNIND
28-06-2017,GTNTEX
28-06-2017,GTOFFSHORE
28-06-2017,GUFICBIO
28-06-2017,GUJALKALI
28-06-2017,GUJAPOLLO
28-06-2017,GUJFLUORO
28-06-2017,GUJGASLTD
28-06-2017,GUJNRECOKE
28-06-2017,GUJNREDVR
28-06-2017,GULFOILLUB
28-06-2017,GULFPETRO
28-06-2017,GULPOLY
28-06-2017,GVKPIL
28-06-2017,HANUNG
28-06-2017,HARITASEAT
28-06-2017,HARRMALAYA
28-06-2017,HATHWAY
28-06-2017,HATSUN
28-06-2017,HAVELLS
28-06-2017,HBLPOWER
28-06-2017,HBSTOCK
28-06-2017,HCC
28-06-2017,HCG
28-06-2017,HCL-INSYS
28-06-2017,HCLTECH
28-06-2017,HDFC
28-06-2017,HDFC
28-06-2017,HDFCBANK
28-06-2017,HDFCBANK
28-06-2017,HDFCMFGETF
28-06-2017,HDFCNIFETF
28-06-2017,HDFCSENETF
28-06-2017,HDIL
28-06-2017,HEG
28-06-2017,HEIDELBERG
28-06-2017,HERCULES
28-06-2017,HERITGFOOD
28-06-2017,HEROMOTOCO
28-06-2017,HESTERBIO
28-06-2017,HEXATRADEX
28-06-2017,HEXAWARE
28-06-2017,HFCL
28-06-2017,HGS
28-06-2017,HIGHGROUND
28-06-2017,HIKAL
28-06-2017,HIL
28-06-2017,HILTON
28-06-2017,HIMATSEIDE
28-06-2017,HINDALCO
28-06-2017,HINDCOMPOS
28-06-2017,HINDCOPPER
28-06-2017,HINDDORROL
28-06-2017,HINDMOTORS
28-06-2017,HINDNATGLS
28-06-2017,HINDOILEXP
28-06-2017,HINDPETRO
28-06-2017,HINDUJAVEN
28-06-2017,HINDUNILVR
28-06-2017,HINDZINC
28-06-2017,HIRECT
28-06-2017,HISARMETAL
28-06-2017,HITECH
28-06-2017,HITECHCORP
28-06-2017,HITECHGEAR
28-06-2017,HMT
28-06-2017,HMVL
28-06-2017,HNGSNGBEES
28-06-2017,HOCL
28-06-2017,HONAUT
28-06-2017,HONDAPOWER
28-06-2017,HOTELEELA
28-06-2017,HOVS
28-06-2017,HPL
28-06-2017,HSCL
28-06-2017,HSIL
28-06-2017,HTMEDIA
28-06-2017,HUBTOWN
28-06-2017,HUDCO
28-06-2017,HUDCO
28-06-2017,HUDCO
28-06-2017,HUDCO
28-06-2017,HUDCO
28-06-2017,HUDCO
28-06-2017,HUDCO
28-06-2017,IBREALEST
28-06-2017,IBULHSGFIN
28-06-2017,IBULHSGFIN
28-06-2017,IBULHSGFIN
28-06-2017,IBVENTURES
28-06-2017,ICICIBANK
28-06-2017,ICICIPRULI
28-06-2017,ICIL
28-06-2017,ICRA
28-06-2017,ICSA
28-06-2017,IDBI
28-06-2017,IDBIGOLD
28-06-2017,IDEA
28-06-2017,IDFC
28-06-2017,IDFCBANK
28-06-2017,IDFCBANK
28-06-2017,IDFCBANK
28-06-2017,IDFCBANK
28-06-2017,IDFCBANK
28-06-2017,IDFCBANK
28-06-2017,IDFCBANK
28-06-2017,IDFCBANK
28-06-2017,IDFCBANK
28-06-2017,IDFCBANK
28-06-2017,IDFCBANK
28-06-2017,IDFCBANK
28-06-2017,IDFNIFTYET
28-06-2017,IFBAGRO
28-06-2017,IFBIND
28-06-2017,IFCI
28-06-2017,IFCI
28-06-2017,IFCI
28-06-2017,IFCI
28-06-2017,IFCI
28-06-2017,IFCI
28-06-2017,IFGLREFRAC
28-06-2017,IGARASHI
28-06-2017,IGL
28-06-2017,IGPL
28-06-2017,IIFCL
28-06-2017,IIFCL
28-06-2017,IIFL
28-06-2017,IIFLFIN
28-06-2017,IIFLFIN
28-06-2017,IIFLFIN
28-06-2017,IIFLFIN
28-06-2017,IIHFL
28-06-2017,IIHFL
28-06-2017,IIHFL
28-06-2017,IITL
28-06-2017,IL&FSENGG
28-06-2017,IL&FSTRANS
28-06-2017,IMFA
28-06-2017,IMPAL
28-06-2017,IMPEXFERRO
28-06-2017,INDBANK
28-06-2017,INDHOTEL
28-06-2017,INDIACEM
28-06-2017,INDIAGLYCO
28-06-2017,INDIANB
28-06-2017,INDIANCARD
28-06-2017,INDIANHUME
28-06-2017,INDIGO
28-06-2017,INDIGRID
28-06-2017,INDLMETER
28-06-2017,INDNIPPON
28-06-2017,INDOCO
28-06-2017,INDORAMA
28-06-2017,INDOSOLAR
28-06-2017,INDOTECH
28-06-2017,INDOTHAI
28-06-2017,INDOWIND
28-06-2017,INDRAMEDCO
28-06-2017,INDSWFTLAB
28-06-2017,INDSWFTLTD
28-06-2017,INDTERRAIN
28-06-2017,INDUSINDBK
28-06-2017,INEOSSTYRO
28-06-2017,INFIBEAM
28-06-2017,INFINITE
28-06-2017,INFOBEAN
28-06-2017,INFRABEES
28-06-2017,INFRATEL
28-06-2017,INFY
28-06-2017,INGERRAND
28-06-2017,INOXLEISUR
28-06-2017,INOXWIND
28-06-2017,INSECTICID
28-06-2017,INTELLECT
28-06-2017,INTENTECH
28-06-2017,INVENTURE
28-06-2017,IOB
28-06-2017,IOC
28-06-2017,IOLCP
28-06-2017,IPAPPM
28-06-2017,IPCALAB
28-06-2017,IRB
28-06-2017,IRBINVIT
28-06-2017,IRFC
28-06-2017,IRFC
28-06-2017,IRFC
28-06-2017,IRFC
28-06-2017,IRFC
28-06-2017,IRFC
28-06-2017,IRFC
28-06-2017,IRFC
28-06-2017,IRFC
28-06-2017,ISFT
28-06-2017,ISMTLTD
28-06-2017,ITC
28-06-2017,ITDC
28-06-2017,ITDCEM
28-06-2017,ITI
28-06-2017,IVC
28-06-2017,IVP
28-06-2017,IVRCLINFRA
28-06-2017,IVZINGOLD
28-06-2017,IVZINNIFTY
28-06-2017,IZMO
28-06-2017,J&KBANK
28-06-2017,JAGRAN
28-06-2017,JAGSNPHARM
28-06-2017,JAIBALAJI
28-06-2017,JAICORPLTD
28-06-2017,JAIHINDPRO
28-06-2017,JALAN
28-06-2017,JAMNAAUTO
28-06-2017,JAYAGROGN
28-06-2017,JAYBARMARU
28-06-2017,JAYNECOIND
28-06-2017,JAYSREETEA
28-06-2017,JBCHEPHARM
28-06-2017,JBFIND
28-06-2017,JBMA
28-06-2017,JCHAC
28-06-2017,JENSONICOL
28-06-2017,JETAIRWAYS
28-06-2017,JETFREIGHT
28-06-2017,JHS
28-06-2017,JINDALPHOT
28-06-2017,JINDALPOLY
28-06-2017,JINDALSAW
28-06-2017,JINDALSTEL
28-06-2017,JINDCOT
28-06-2017,JINDRILL
28-06-2017,JINDWORLD
28-06-2017,JISLDVREQS
28-06-2017,JISLJALEQS
28-06-2017,JITFINFRA
28-06-2017,JKCEMENT
28-06-2017,JKIL
28-06-2017,JKLAKSHMI
28-06-2017,JKPAPER
28-06-2017,JKTYRE
28-06-2017,JMA
28-06-2017,JMCPROJECT
28-06-2017,JMFINANCIL
28-06-2017,JMTAUTOLTD
28-06-2017,JOCIL
28-06-2017,JPASSOCIAT
28-06-2017,JPINFRATEC
28-06-2017,JPOLYINVST
28-06-2017,JPPOWER
28-06-2017,JSL
28-06-2017,JSLHISAR
28-06-2017,JSWENERGY
28-06-2017,JSWHL
28-06-2017,JSWSTEEL
28-06-2017,JSWSTEEL
28-06-2017,JUBILANT
28-06-2017,JUBLFOOD
28-06-2017,JUBLINDS
28-06-2017,JUNIORBEES
28-06-2017,JUSTDIAL
28-06-2017,JVLAGRO
28-06-2017,JYOTHYLAB
28-06-2017,JYOTISTRUC
28-06-2017,KABRAEXTRU
28-06-2017,KAJARIACER
28-06-2017,KAKATCEM
28-06-2017,KALPATPOWR
28-06-2017,KALYANIFRG
28-06-2017,KAMATHOTEL
28-06-2017,KAMDHENU
28-06-2017,KANANIIND
28-06-2017,KANORICHEM
28-06-2017,KANSAINER
28-06-2017,KARMAENG
28-06-2017,KARURVYSYA
28-06-2017,KAUSHALYA
28-06-2017,KAVVERITEL
28-06-2017,KAYA
28-06-2017,KCP
28-06-2017,KCPSUGIND
28-06-2017,KDDL
28-06-2017,KEC
28-06-2017,KECL
28-06-2017,KEI
28-06-2017,KELLTONTEC
28-06-2017,KERNEX
28-06-2017,KESARENT
28-06-2017,KESORAMIND
28-06-2017,KEYCORPSER
28-06-2017,KGL
28-06-2017,KHAITANELE
28-06-2017,KICL
28-06-2017,KILITCH
28-06-2017,KINGFA
28-06-2017,KIOCL
28-06-2017,KIRIINDUS
28-06-2017,KIRLOSBROS
28-06-2017,KIRLOSENG
28-06-2017,KIRLOSIND
28-06-2017,KITEX
28-06-2017,KKCL
28-06-2017,KKVAPOW
28-06-2017,KMSUGAR
28-06-2017,KNRCON
28-06-2017,KOHINOOR
28-06-2017,KOKUYOCMLN
28-06-2017,KOLTEPATIL
28-06-2017,KOPRAN
28-06-2017,KOTAKBANK
28-06-2017,KOTAKBKETF
28-06-2017,KOTAKGOLD
28-06-2017,KOTAKNIFTY
28-06-2017,KOTAKNV20
28-06-2017,KOTAKPSUBK
28-06-2017,KOTARISUG
28-06-2017,KOTHARIPET
28-06-2017,KOTHARIPRO
28-06-2017,KPIT
28-06-2017,KPRMILL
28-06-2017,KRBL
28-06-2017,KREBSBIO
28-06-2017,KRIDHANINF
28-06-2017,KRISHANA
28-06-2017,KSBPUMPS
28-06-2017,KSCL
28-06-2017,KSERASERA
28-06-2017,KSK
28-06-2017,KSL
28-06-2017,KTIL
28-06-2017,KTKBANK
28-06-2017,KWALITY
28-06-2017,L&TFH
28-06-2017,L&TFINANCE
28-06-2017,L&TINFRA
28-06-2017,L&TINFRA
28-06-2017,L&TINFRA
28-06-2017,L&TINFRA
28-06-2017,L&TINFRA
28-06-2017,L&TINFRA
28-06-2017,LAKPRE
28-06-2017,LAKSHMIEFL
28-06-2017,LAKSHVILAS
28-06-2017,LALPATHLAB
28-06-2017,LAMBODHARA
28-06-2017,LAOPALA
28-06-2017,LAURUSLABS
28-06-2017,LAXMICOT
28-06-2017,LAXMIMACH
28-06-2017,LCCINFOTEC
28-06-2017,LEEL
28-06-2017,LFIC
28-06-2017,LGBBROSLTD
28-06-2017,LIBERTSHOE
28-06-2017,LICHSGFIN
28-06-2017,LICNETFGSC
28-06-2017,LICNETFN50
28-06-2017,LINCOLN
28-06-2017,LINCPEN
28-06-2017,LINDEINDIA
28-06-2017,LIQUIDBEES
28-06-2017,LITL
28-06-2017,LML
28-06-2017,LOKESHMACH
28-06-2017,LOTUSEYE
28-06-2017,LOVABLE
28-06-2017,LPDC
28-06-2017,LSIL
28-06-2017,LT
28-06-2017,LTI
28-06-2017,LTTS
28-06-2017,LUMAXIND
28-06-2017,LUMAXTECH
28-06-2017,LUPIN
28-06-2017,LUXIND
28-06-2017,LYCOS
28-06-2017,LYKALABS
28-06-2017,LYPSAGEMS
28-06-2017,M&M
28-06-2017,M&MFIN
28-06-2017,M100
28-06-2017,M14RG
28-06-2017,M50
28-06-2017,MAANALU
28-06-2017,MADHAV
28-06-2017,MADHUCON
28-06-2017,MADRASFERT
28-06-2017,MAGMA
28-06-2017,MAGNUM
28-06-2017,MAHABANK
28-06-2017,MAHASTEEL
28-06-2017,MAHESHWARI
28-06-2017,MAHINDCIE
28-06-2017,MAHLIFE
28-06-2017,MAHSCOOTER
28-06-2017,MAHSEAMLES
28-06-2017,MAITHANALL
28-06-2017,MAJESCO
28-06-2017,MALUPAPER
28-06-2017,MANAKALUCO
28-06-2017,MANAKCOAT
28-06-2017,MANAKINDST
28-06-2017,MANAKSIA
28-06-2017,MANAKSTEEL
28-06-2017,MANALIPETC
28-06-2017,MANAPPURAM
28-06-2017,MANDHANA
28-06-2017,MANGALAM
28-06-2017,MANGCHEFER
28-06-2017,MANGLMCEM
28-06-2017,MANGTIMBER
28-06-2017,MANINDS
28-06-2017,MANINFRA
28-06-2017,MANPASAND
28-06-2017,MANUGRAPH
28-06-2017,MARALOVER
28-06-2017,MARATHON
28-06-2017,MARICO
28-06-2017,MARKSANS
28-06-2017,MARUTI
28-06-2017,MASTEK
28-06-2017,MAWANASUG
28-06-2017,MAXINDIA
28-06-2017,MAXVIL
28-06-2017,MAYURUNIQ
28-06-2017,MAZDA
28-06-2017,MBAPL
28-06-2017,MBECL
28-06-2017,MBLINFRA
28-06-2017,MCDHOLDING
28-06-2017,MCDOWELL-N
28-06-2017,MCL
28-06-2017,MCLEODRUSS
28-06-2017,MCX
28-06-2017,MEGASOFT
28-06-2017,MEGH
28-06-2017,MENONBE
28-06-2017,MEP
28-06-2017,MERCATOR
28-06-2017,MERCK
28-06-2017,METALFORGE
28-06-2017,METKORE
28-06-2017,MFSL
28-06-2017,MGL
28-06-2017,MHRIL
28-06-2017,MIC
28-06-2017,MIDCAPIWIN
28-06-2017,MINDACORP
28-06-2017,MINDAIND
28-06-2017,MINDTECK
28-06-2017,MINDTREE
28-06-2017,MIRCELECTR
28-06-2017,MIRZAINT
28-06-2017,MITCON
28-06-2017,MMFL
28-06-2017,MMTC
28-06-2017,MOHITIND
28-06-2017,MOIL
28-06-2017,MOLDTECH
28-06-2017,MOLDTKPAC
28-06-2017,MOMAI
28-06-2017,MONNETISPA
28-06-2017,MONSANTO
28-06-2017,MONTECARLO
28-06-2017,MORARJEE
28-06-2017,MOREPENLAB
28-06-2017,MOSERBAER
28-06-2017,MOTHERSUMI
28-06-2017,MOTILALOFS
28-06-2017,MPHASIS
28-06-2017,MPSLTD
28-06-2017,MRF
28-06-2017,MRO-TEK
28-06-2017,MRPL
28-06-2017,MSPL
28-06-2017,MTEDUCARE
28-06-2017,MTNL
28-06-2017,MUKANDENGG
28-06-2017,MUKANDLTD
28-06-2017,MUKANDLTD
28-06-2017,MUKTAARTS
28-06-2017,MUNJALAU
28-06-2017,MUNJALSHOW
28-06-2017,MURUDCERA
28-06-2017,MUTHOOTCAP
28-06-2017,MUTHOOTFIN
28-06-2017,MUTHOOTFIN
28-06-2017,MUTHOOTFIN
28-06-2017,MUTHOOTFIN
28-06-2017,MUTHOOTFIN
28-06-2017,MVL
28-06-2017,N100
28-06-2017,NAGAAGRI
28-06-2017,NAGAFERT
28-06-2017,NAGAROIL
28-06-2017,NAGREEKCAP
28-06-2017,NAGREEKEXP
28-06-2017,NAHARCAP
28-06-2017,NAHARINDUS
28-06-2017,NAHARPOLY
28-06-2017,NAHARSPING
28-06-2017,NAKODA
28-06-2017,NANDANI
28-06-2017,NATCOPHARM
28-06-2017,NATHBIOGEN
28-06-2017,NATIONALUM
28-06-2017,NATNLSTEEL
28-06-2017,NAUKRI
28-06-2017,NAVINFLUOR
28-06-2017,NAVKARCORP
28-06-2017,NAVNETEDUL
28-06-2017,NBCC
28-06-2017,NBIFIN
28-06-2017,NBVENTURES
28-06-2017,NCC
28-06-2017,NCLIND
28-06-2017,NDGL
28-06-2017,NDL
28-06-2017,NDTV
28-06-2017,NECCLTD
28-06-2017,NECLIFE
28-06-2017,NELCAST
28-06-2017,NELCO
28-06-2017,NESCO
28-06-2017,NESTLEIND
28-06-2017,NETWORK18
28-06-2017,NEULANDLAB
28-06-2017,NEXTMEDIA
28-06-2017,NFL
28-06-2017,NH
28-06-2017,NHAI
28-06-2017,NHAI
28-06-2017,NHAI
28-06-2017,NHAI
28-06-2017,NHAI
28-06-2017,NHAI
28-06-2017,NHAI
28-06-2017,NHBTF2014
28-06-2017,NHBTF2023
28-06-2017,NHPC
28-06-2017,NIBL
28-06-2017,NICCO
28-06-2017,NIF100IWIN
28-06-2017,NIFTYBEES
28-06-2017,NIFTYIWIN
28-06-2017,NIITLTD
28-06-2017,NIITTECH
28-06-2017,NILAINFRA
28-06-2017,NILKAMAL
28-06-2017,NIPPOBATRY
28-06-2017,NITCO
28-06-2017,NITESHEST
28-06-2017,NITINFIRE
28-06-2017,NITINSPIN
28-06-2017,NLCINDIA
28-06-2017,NMDC
28-06-2017,NOCIL
28-06-2017,NOIDATOLL
28-06-2017,NORBTEAEXP
28-06-2017,NRAIL
28-06-2017,NRBBEARING
28-06-2017,NSIL
28-06-2017,NTL
28-06-2017,NTPC
28-06-2017,NTPC
28-06-2017,NTPC
28-06-2017,NTPC
28-06-2017,NTPC
28-06-2017,NUCLEUS
28-06-2017,NUTEK
28-06-2017,NV20IWIN
28-06-2017,OBEROIRLTY
28-06-2017,OCCL
28-06-2017,OCL
28-06-2017,OFSS
28-06-2017,OIL
28-06-2017,OILCOUNTUB
28-06-2017,OISL
28-06-2017,OMAXAUTO
28-06-2017,OMAXE
28-06-2017,OMKARCHEM
28-06-2017,OMMETALS
28-06-2017,ONELIFECAP
28-06-2017,ONGC
28-06-2017,ONMOBILE
28-06-2017,ONWARDTEC
28-06-2017,OPTOCIRCUI
28-06-2017,ORBITCORP
28-06-2017,ORBTEXP
28-06-2017,ORCHIDPHAR
28-06-2017,ORICONENT
28-06-2017,ORIENTABRA
28-06-2017,ORIENTALTL
28-06-2017,ORIENTBANK
28-06-2017,ORIENTBELL
28-06-2017,ORIENTCEM
28-06-2017,ORIENTHOT
28-06-2017,ORIENTLTD
28-06-2017,ORIENTPPR
28-06-2017,ORIENTREF
28-06-2017,ORISSAMINE
28-06-2017,ORTEL
28-06-2017,ORTINLABSS
28-06-2017,PAEL
28-06-2017,PAGEIND
28-06-2017,PALREDTEC
28-06-2017,PANACEABIO
28-06-2017,PANACHE
28-06-2017,PANAMAPET
28-06-2017,PANORAMUNI
28-06-2017,PAPERPROD
28-06-2017,PARABDRUGS
28-06-2017,PARACABLES
28-06-2017,PARAGMILK
28-06-2017,PARSVNATH
28-06-2017,PATELENG
28-06-2017,PATINTLOG
28-06-2017,PATSPINLTD
28-06-2017,PBAINFRA
28-06-2017,PCJEWELLER
28-06-2017,PDMJEPAPER
28-06-2017,PDPL
28-06-2017,PDSMFL
28-06-2017,PDUMJEIND
28-06-2017,PDUMJEPULP
28-06-2017,PEARLPOLY
28-06-2017,PEL
28-06-2017,PENIND
28-06-2017,PENINLAND
28-06-2017,PENPEBS
28-06-2017,PERSISTENT
28-06-2017,PETRONENGG
28-06-2017,PETRONET
28-06-2017,PFC
28-06-2017,PFC
28-06-2017,PFC
28-06-2017,PFC
28-06-2017,PFC
28-06-2017,PFIZER
28-06-2017,PFOCUS
28-06-2017,PFS
28-06-2017,PGEL
28-06-2017,PGHH
28-06-2017,PGIL
28-06-2017,PHILIPCARB
28-06-2017,PHOENIXLL
28-06-2017,PHOENIXLTD
28-06-2017,PIDILITIND
28-06-2017,PIIND
28-06-2017,PILANIINVS
28-06-2017,PILITA
28-06-2017,PINCON
28-06-2017,PIONDIST
28-06-2017,PIONEEREMB
28-06-2017,PIRPHYTO
28-06-2017,PITTILAM
28-06-2017,PKTEA
28-06-2017,PLASTIBLEN
28-06-2017,PNB
28-06-2017,PNBGILTS
28-06-2017,PNBHOUSING
28-06-2017,PNC
28-06-2017,PNCINFRA
28-06-2017,POCHIRAJU
28-06-2017,PODDARHOUS
28-06-2017,PODDARMENT
28-06-2017,POKARNA
28-06-2017,POLARIS
28-06-2017,POLYMED
28-06-2017,POLYPLEX
28-06-2017,PONNIERODE
28-06-2017,POWERGRID
28-06-2017,POWERMECH
28-06-2017,PPAP
28-06-2017,PRABHAT
28-06-2017,PRADIP
28-06-2017,PRAENG
28-06-2017,PRAJIND
28-06-2017,PRAKASH
28-06-2017,PRAKASHCON
28-06-2017,PRAKASHSTL
28-06-2017,PRATIBHA
28-06-2017,PRECAM
28-06-2017,PRECOT
28-06-2017,PRECWIRE
28-06-2017,PREMEXPLN
28-06-2017,PREMIER
28-06-2017,PREMIERPOL
28-06-2017,PRESSMN
28-06-2017,PRESTIGE
28-06-2017,PRICOLLTD
28-06-2017,PRIMESECU
28-06-2017,PRISMCEM
28-06-2017,PROVOGE
28-06-2017,PROZONINTU
28-06-2017,PSB
28-06-2017,PSL
28-06-2017,PSPPROJECT
28-06-2017,PSUBNKBEES
28-06-2017,PTC
28-06-2017,PTL
28-06-2017,PUNJABCHEM
28-06-2017,PUNJLLOYD
28-06-2017,PURVA
28-06-2017,PVP
28-06-2017,PVR
28-06-2017,QGOLDHALF
28-06-2017,QUESS
28-06-2017,QUICKHEAL
28-06-2017,RADAAN
28-06-2017,RADICO
28-06-2017,RADIOCITY
28-06-2017,RAIN
28-06-2017,RAINBOWPAP
28-06-2017,RAIREKMOH
28-06-2017,RAJESHEXPO
28-06-2017,RAJOIL
28-06-2017,RAJSREESUG
28-06-2017,RAJTV
28-06-2017,RAJVIR
28-06-2017,RALLIS
28-06-2017,RAMANEWS
28-06-2017,RAMASTEEL
28-06-2017,RAMCOCEM
28-06-2017,RAMCOIND
28-06-2017,RAMCOSYS
28-06-2017,RAMKY
28-06-2017,RAMSARUP
28-06-2017,RANASUG
28-06-2017,RANEENGINE
28-06-2017,RANEHOLDIN
28-06-2017,RASOYPR
28-06-2017,RATNAMANI
28-06-2017,RAYMOND
28-06-2017,RBL
28-06-2017,RBLBANK
28-06-2017,RCF
28-06-2017,RCOM
28-06-2017,RDEL
28-06-2017,RECLTD
28-06-2017,RECLTD
28-06-2017,RECLTD
28-06-2017,RECLTD
28-06-2017,RECLTD
28-06-2017,RECLTD
28-06-2017,RECLTD
28-06-2017,REDINGTON
28-06-2017,REFEX
28-06-2017,REGENCERAM
28-06-2017,REIAGROLTD
28-06-2017,RELAXO
28-06-2017,RELCAPITAL
28-06-2017,RELCNX100
28-06-2017,RELCONS
28-06-2017,RELDIVOPP
28-06-2017,RELIANCE
28-06-2017,RELIGARE
28-06-2017,RELINFRA
28-06-2017,REMSONSIND
28-06-2017,RENUKA
28-06-2017,REPCOHOME
28-06-2017,REPRO
28-06-2017,RESPONIND
28-06-2017,REVATHI
28-06-2017,RHFL
28-06-2017,RHFL
28-06-2017,RHFL
28-06-2017,RICOAUTO
28-06-2017,RIIL
28-06-2017,RJL
28-06-2017,RKDL
28-06-2017,RKFORGE
28-06-2017,RMCL
28-06-2017,RML
28-06-2017,ROHITFERRO
28-06-2017,ROHLTD
28-06-2017,ROLLT
28-06-2017,ROLTA
28-06-2017,ROSSELLIND
28-06-2017,RPGLIFE
28-06-2017,RPOWER
28-06-2017,RPPINFRA
28-06-2017,RSSOFTWARE
28-06-2017,RSWM
28-06-2017,RSYSTEMS
28-06-2017,RTNINFRA
28-06-2017,RTNPOWER
28-06-2017,RUBYMILLS
28-06-2017,RUCHINFRA
28-06-2017,RUCHIRA
28-06-2017,RUCHISOYA
28-06-2017,RUPA
28-06-2017,RUSHIL
28-06-2017,SABEVENTS
28-06-2017,SABTN
28-06-2017,SADBHAV
28-06-2017,SADBHIN
28-06-2017,SAGCEM
28-06-2017,SAIL
28-06-2017,SAKHTISUG
28-06-2017,SAKSOFT
28-06-2017,SAKUMA
28-06-2017,SALORAINTL
28-06-2017,SALSTEEL
28-06-2017,SALZERELEC
28-06-2017,SAMBHAAV
28-06-2017,SANCO
28-06-2017,SANDESH
28-06-2017,SANGAMIND
28-06-2017,SANGHIIND
28-06-2017,SANGHVIFOR
28-06-2017,SANGHVIMOV
28-06-2017,SANOFI
28-06-2017,SANWARIA
28-06-2017,SARDAEN
28-06-2017,SAREGAMA
28-06-2017,SARLAPOLY
28-06-2017,SASKEN
28-06-2017,SASTASUNDR
28-06-2017,SATHAISPAT
28-06-2017,SATIN
28-06-2017,SCHAND
28-06-2017,SCHNEIDER
28-06-2017,SCI
28-06-2017,SDBL
28-06-2017,SEAMECLTD
28-06-2017,SEINV
28-06-2017,SELAN
28-06-2017,SELMCL
28-06-2017,SENSEXIWIN
28-06-2017,SEPOWER
28-06-2017,SEQUENT
28-06-2017,SERVALL
28-06-2017,SESHAPAPER
28-06-2017,SETCO
28-06-2017,SETFGOLD
28-06-2017,SETFNIF50
28-06-2017,SETFNIFBK
28-06-2017,SETFNN50
28-06-2017,SEZAL
28-06-2017,SFL
28-06-2017,SGBAUG24
28-06-2017,SGBFEB24
28-06-2017,SGBMAR25
28-06-2017,SGBMAY25
28-06-2017,SGBNOV23
28-06-2017,SGBNOV24
28-06-2017,SGBSEP24
28-06-2017,SGFL
28-06-2017,SGL
28-06-2017,SHAHALLOYS
28-06-2017,SHAKTIPUMP
28-06-2017,SHALPAINTS
28-06-2017,SHANKARA
28-06-2017,SHANTIGEAR
28-06-2017,SHARDACROP
28-06-2017,SHARDAMOTR
28-06-2017,SHARIABEES
28-06-2017,SHARONBIO
28-06-2017,SHEMAROO
28-06-2017,SHILPAMED
28-06-2017,SHILPI
28-06-2017,SHIRPUR-G
28-06-2017,SHIVAMAUTO
28-06-2017,SHIVTEX
28-06-2017,SHK
28-06-2017,SHOPERSTOP
28-06-2017,SHREECEM
28-06-2017,SHREEPUSHK
28-06-2017,SHREERAMA
28-06-2017,SHREYANIND
28-06-2017,SHREYAS
28-06-2017,SHRIPISTON
28-06-2017,SHRIRAMCIT
28-06-2017,SHRIRAMCIT
28-06-2017,SHRIRAMCIT
28-06-2017,SHRIRAMEPC
28-06-2017,SHYAMCENT
28-06-2017,SHYAMTEL
28-06-2017,SICAGEN
28-06-2017,SICAL
28-06-2017,SIEMENS
28-06-2017,SIGNET
28-06-2017,SIL
28-06-2017,SILINV
28-06-2017,SIMBHALS
28-06-2017,SIMPLEX
28-06-2017,SIMPLEXINF
28-06-2017,SINTEX
28-06-2017,SITASHREE
28-06-2017,SITINET
28-06-2017,SIYSIL
28-06-2017,SJVN
28-06-2017,SKFINDIA
28-06-2017,SKIL
28-06-2017,SKIPPER
28-06-2017,SKMEGGPROD
28-06-2017,SMARTLINK
28-06-2017,SMLISUZU
28-06-2017,SMPL
28-06-2017,SMSPHARMA
28-06-2017,SNOWMAN
28-06-2017,SOBHA
28-06-2017,SOLARINDS
28-06-2017,SOMANYCERA
28-06-2017,SOMATEX
28-06-2017,SOMICONVEY
28-06-2017,SONASTEER
28-06-2017,SONATSOFTW
28-06-2017,SORILHOLD
28-06-2017,SORILINFRA
28-06-2017,SOTL
28-06-2017,SOUTHBANK
28-06-2017,SPAL
28-06-2017,SPARC
28-06-2017,SPCENET
28-06-2017,SPECIALITY
28-06-2017,SPENTEX
28-06-2017,SPHEREGSL
28-06-2017,SPIC
28-06-2017,SPICEMOBI
28-06-2017,SPLIL
28-06-2017,SPMLINFRA
28-06-2017,SPYL
28-06-2017,SQSBFSI
28-06-2017,SREEL
28-06-2017,SREIBNPNCD
28-06-2017,SREIBNPNCD
28-06-2017,SREINFRA
28-06-2017,SREINFRA
28-06-2017,SREINFRA
28-06-2017,SREINFRA
28-06-2017,SREINFRA
28-06-2017,SREINFRA
28-06-2017,SRF
28-06-2017,SRHHYPOLTD
28-06-2017,SRIPIPES
28-06-2017,SRIRAM
28-06-2017,SRSLTD
28-06-2017,SRTRANSFIN
28-06-2017,SRTRANSFIN
28-06-2017,SRTRANSFIN
28-06-2017,SRTRANSFIN
28-06-2017,SRTRANSFIN
28-06-2017,SRTRANSFIN
28-06-2017,SRTRANSFIN
28-06-2017,SRTRANSFIN
28-06-2017,SRTRANSFIN
28-06-2017,SRTRANSFIN
28-06-2017,SRTRANSFIN
28-06-2017,SSWL
28-06-2017,STAMPEDE
28-06-2017,STAN
28-06-2017,STAR
28-06-2017,STARCEMENT
28-06-2017,STARPAPER
28-06-2017,STCINDIA
28-06-2017,STEELCITY
28-06-2017,STEL
28-06-2017,STERLINBIO
28-06-2017,STERTOOLS
28-06-2017,STINDIA
28-06-2017,STRTECH
28-06-2017,SUBEX
28-06-2017,SUBROS
28-06-2017,SUDARSCHEM
28-06-2017,SUJANAUNI
28-06-2017,SUMEETINDS
28-06-2017,SUMMITSEC
28-06-2017,SUNCLAYLTD
28-06-2017,SUNDARAM
28-06-2017,SUNDARMFIN
28-06-2017,SUNDRMBRAK
28-06-2017,SUNDRMFAST
28-06-2017,SUNFLAG
28-06-2017,SUNILHITEC
28-06-2017,SUNPHARMA
28-06-2017,SUNTECK
28-06-2017,SUNTV
28-06-2017,SUPERHOUSE
28-06-2017,SUPERSPIN
28-06-2017,SUPPETRO
28-06-2017,SUPRAJIT
28-06-2017,SUPREMEIND
28-06-2017,SUPREMEINF
28-06-2017,SUPREMETEX
28-06-2017,SURANAIND
28-06-2017,SURANASOL
28-06-2017,SURANAT&P
28-06-2017,SURYALAXMI
28-06-2017,SURYAROSNI
28-06-2017,SUTLEJTEX
28-06-2017,SUVEN
28-06-2017,SUZLON
28-06-2017,SWANENERGY
28-06-2017,SWARAJENG
28-06-2017,SWELECTES
28-06-2017,SYMPHONY
28-06-2017,SYNCOM
28-06-2017,SYNDIBANK
28-06-2017,SYNGENE
28-06-2017,TAINWALCHM
28-06-2017,TAJGVK
28-06-2017,TAKE
28-06-2017,TALBROAUTO
28-06-2017,TALWALKARS
28-06-2017,TANLA
28-06-2017,TANTIACONS
28-06-2017,TARAJEWELS
28-06-2017,TARAPUR
28-06-2017,TARMAT
28-06-2017,TASTYBITE
28-06-2017,TATACHEM
28-06-2017,TATACOFFEE
28-06-2017,TATACOMM
28-06-2017,TATAELXSI
28-06-2017,TATAGLOBAL
28-06-2017,TATAINVEST
28-06-2017,TATAMETALI
28-06-2017,TATAMOTORS
28-06-2017,TATAMTRDVR
28-06-2017,TATAPOWER
28-06-2017,TATASPONGE
28-06-2017,TATASTEEL
28-06-2017,TBZ
28-06-2017,TCFSL
28-06-2017,TCI
28-06-2017,TCIDEVELOP
28-06-2017,TCIEXP
28-06-2017,TCIFINANCE
28-06-2017,TCS
28-06-2017,TDPOWERSYS
28-06-2017,TEAMLEASE
28-06-2017,TECHIN
28-06-2017,TECHM
28-06-2017,TECHNO
28-06-2017,TECHNOFAB
28-06-2017,TEJASNET
28-06-2017,TERASOFT
28-06-2017,TEXINFRA
28-06-2017,TEXMOPIPES
28-06-2017,TEXRAIL
28-06-2017,TFCILTD
28-06-2017,TFL
28-06-2017,TGBHOTELS
28-06-2017,THANGAMAYL
28-06-2017,THEMISMED
28-06-2017,THERMAX
28-06-2017,THIRUSUGAR
28-06-2017,THOMASCOOK
28-06-2017,THOMASCOTT
28-06-2017,THYROCARE
28-06-2017,TI
28-06-2017,TIDEWATER
28-06-2017,TIIL
28-06-2017,TIJARIA
28-06-2017,TIL
28-06-2017,TIMESGTY
28-06-2017,TIMETECHNO
28-06-2017,TIMKEN
28-06-2017,TINPLATE
28-06-2017,TIPSINDLTD
28-06-2017,TIRUMALCHM
28-06-2017,TITAN
28-06-2017,TMRVL
28-06-2017,TNPETRO
28-06-2017,TNPL
28-06-2017,TOKYOPLAST
28-06-2017,TORNTPHARM
28-06-2017,TORNTPOWER
28-06-2017,TPLPLASTEH
28-06-2017,TREEHOUSE
28-06-2017,TRENT
28-06-2017,TRF
28-06-2017,TRIDENT
28-06-2017,TRIGYN
28-06-2017,TRIL
28-06-2017,TRITURBINE
28-06-2017,TRIVENI
28-06-2017,TTKHLTCARE
28-06-2017,TTKPRESTIG
28-06-2017,TTL
28-06-2017,TTML
28-06-2017,TUBEINVEST
28-06-2017,TULSI
28-06-2017,TV18BRDCST
28-06-2017,TVSELECT
28-06-2017,TVSMOTOR
28-06-2017,TVSSRICHAK
28-06-2017,TVTODAY
28-06-2017,TVVISION
28-06-2017,TWL
28-06-2017,UBHOLDINGS
28-06-2017,UBL
28-06-2017,UCALFUEL
28-06-2017,UCOBANK
28-06-2017,UFLEX
28-06-2017,UFO
28-06-2017,UGARSUGAR
28-06-2017,UJAAS
28-06-2017,UJJIVAN
28-06-2017,ULTRACEMCO
28-06-2017,UMANGDAIRY
28-06-2017,UMESLTD
28-06-2017,UNICHEMLAB
28-06-2017,UNIENTER
28-06-2017,UNIONBANK
28-06-2017,UNIPLY
28-06-2017,UNITECH
28-06-2017,UNITEDBNK
28-06-2017,UNITEDTEA
28-06-2017,UNITY
28-06-2017,UNIVCABLES
28-06-2017,UPL
28-06-2017,UPL
28-06-2017,URJA
28-06-2017,USHAMART
28-06-2017,USHERAGRO
28-06-2017,UTINIFTETF
28-06-2017,UTISENSETF
28-06-2017,UTTAMSTL
28-06-2017,UTTAMSUGAR
28-06-2017,UVSL
28-06-2017,V2RETAIL
28-06-2017,VADILALIND
28-06-2017,VAIBHAVGBL
28-06-2017,VAKRANGEE
28-06-2017,VALUEIND
28-06-2017,VARDHACRLC
28-06-2017,VARDMNPOLY
28-06-2017,VASCONEQ
28-06-2017,VASWANI
28-06-2017,VBL
28-06-2017,VEDL
28-06-2017,VENKEYS
28-06-2017,VENUSREM
28-06-2017,VESUVIUS
28-06-2017,VETO
28-06-2017,VGUARD
28-06-2017,VHL
28-06-2017,VICEROY
28-06-2017,VIDEOIND
28-06-2017,VIDHIING
28-06-2017,VIJAYABANK
28-06-2017,VIJSHAN
28-06-2017,VIKASECO
28-06-2017,VIMTALABS
28-06-2017,VINATIORGA
28-06-2017,VINDHYATEL
28-06-2017,VINYLINDIA
28-06-2017,VIPCLOTHNG
28-06-2017,VIPIND
28-06-2017,VIPULLTD
28-06-2017,VISAKAIND
28-06-2017,VISASTEEL
28-06-2017,VISESHINFO
28-06-2017,VISHNU
28-06-2017,VIVIDHA
28-06-2017,VIVIMEDLAB
28-06-2017,VLSFINANCE
28-06-2017,VMART
28-06-2017,VOLTAMP
28-06-2017,VOLTAS
28-06-2017,VRLLOG
28-06-2017,VSCL
28-06-2017,VSSL
28-06-2017,VSTIND
28-06-2017,VSTTILLERS
28-06-2017,VTL
28-06-2017,WABAG
28-06-2017,WABCOINDIA
28-06-2017,WALCHANNAG
28-06-2017,WANBURY
28-06-2017,WEBELSOLAR
28-06-2017,WEIZFOREX
28-06-2017,WEIZMANIND
28-06-2017,WELCORP
28-06-2017,WELENT
28-06-2017,WELINV
28-06-2017,WELSPUNIND
28-06-2017,WENDT
28-06-2017,WHEELS
28-06-2017,WHIRLPOOL
28-06-2017,WILLAMAGOR
28-06-2017,WINDMACHIN
28-06-2017,WINSOME
28-06-2017,WIPL
28-06-2017,WIPRO
28-06-2017,WOCKPHARMA
28-06-2017,WONDERLA
28-06-2017,WSI
28-06-2017,WSTCSTPAPR
28-06-2017,XCHANGING
28-06-2017,XPROINDIA
28-06-2017,YESBANK
28-06-2017,ZANDUREALT
28-06-2017,ZEEL
28-06-2017,ZEEL
28-06-2017,ZEELEARN
28-06-2017,ZEEMEDIA
28-06-2017,ZENSARTECH
28-06-2017,ZENTEC
28-06-2017,ZICOM
28-06-2017,ZODIACLOTH
28-06-2017,ZODJRDMKJ
28-06-2017,ZOTA
28-06-2017,ZUARI
28-06-2017,ZUARIGLOB
28-06-2017,ZYDUSWELL
28-06-2017,ZYLOG
